budget,customers_targeted,budget_used,expected_revenue,expected_value,roi_pct,customers_saved
25000.0,273,6580.0,14498.843807584004,7918.843807584003,120.34717032802436,40.75338362510632
37500.0,273,6580.0,14498.843807584004,7918.843807584003,120.34717032802436,40.75338362510632
50000.0,273,6580.0,14498.843807584004,7918.843807584003,120.34717032802436,40.75338362510632
75000.0,273,6580.0,14498.843807584004,7918.843807584003,120.34717032802436,40.75338362510632
100000.0,273,6580.0,14498.843807584004,7918.843807584003,120.34717032802436,40.75338362510632
