{
  "rmse": 576.3947306956034,
  "mae": 271.85485354828376,
  "r2_score": 0.49069589314839157,
  "mape": 80.01269595850955,
  "portfolio_error_pct": 34.51545209792399,
  "total_actual_clv": 6600281.25,
  "total_predicted_clv": 4322164.3368279915
}